season,league,player
2020-21,NBA,Aaron Nesmith
2020-21,NBA,Aleksej Pokusevski
2020-21,NBA,Amida Brimah
2020-21,NBA,Anthony Edwards
2020-21,NBA,Anthony Gill
2020-21,NBA,Anthony Lamb
2020-21,NBA,Armoni Brooks
2020-21,NBA,Ashton Hagans
2020-21,NBA,Brodric Thomas
2020-21,NBA,Cameron Oliver
2020-21,NBA,Cassius Stanley
2020-21,NBA,Cassius Winston
2020-21,NBA,Chuma Okeke
2020-21,NBA,CJ Elleby
2020-21,NBA,Cole Anthony
2020-21,NBA,Dakota Mathias
2020-21,NBA,Daniel Oturu
2020-21,NBA,Deividas Sirvydis
2020-21,NBA,Deni Avdija
2020-21,NBA,Desmond Bane
2020-21,NBA,Devin Cannady
2020-21,NBA,Devin Vassell
2020-21,NBA,Devon Dotson
2020-21,NBA,Didi Louzada
2020-21,NBA,Dylan Windler
2020-21,NBA,Elijah Bryant
2020-21,NBA,Elijah Hughes
2020-21,NBA,Facundo Campazzo
2020-21,NBA,Freddie Gillespie
2020-21,NBA,Gabriel Deck
2020-21,NBA,Grant Riller
2020-21,NBA,Greg Whittington
2020-21,NBA,Immanuel Quickley
2020-21,NBA,Isaac Okoro
2020-21,NBA,Isaiah Joe
2020-21,NBA,Isaiah Stewart
2020-21,NBA,Jaden McDaniels
2020-21,NBA,Jae'Sean Tate
2020-21,NBA,Jahmi'us Ramsey
2020-21,NBA,Jalen Harris
2020-21,NBA,Jalen Smith
2020-21,NBA,James Wiseman
2020-21,NBA,Jay Scrubb
2020-21,NBA,Jontay Porter
2020-21,NBA,Jordan Nwora
2020-21,NBA,Josh Green
2020-21,NBA,Josh Hall
2020-21,NBA,Karim Mané
2020-21,NBA,Keljin Blevins
2020-21,NBA,Killian Hayes
2020-21,NBA,Killian Tillie
2020-21,NBA,Kira Lewis Jr.
2020-21,NBA,KJ Martin
2020-21,NBA,Lamar Stevens
2020-21,NBA,LaMelo Ball
2020-21,NBA,Malachi Flynn
2020-21,NBA,Malik Fitts
2020-21,NBA,Mamadi Diakite
2020-21,NBA,Markus Howard
2020-21,NBA,Mason Jones
2020-21,NBA,Naji Marshall
2020-21,NBA,Nate Darling
2020-21,NBA,Nate Hinton
2020-21,NBA,Nathan Knight
2020-21,NBA,Nick Richards
2020-21,NBA,Nico Mannion
2020-21,NBA,Obi Toppin
2020-21,NBA,Onyeka Okongwu
2020-21,NBA,Patrick Williams
2020-21,NBA,Paul Reed
2020-21,NBA,Payton Pritchard
2020-21,NBA,Precious Achiuwa
2020-21,NBA,R.J. Hampton
2020-21,NBA,Reggie Perry
2020-21,NBA,Robert Franks
2020-21,NBA,Robert Woodard II
2020-21,NBA,Saben Lee
2020-21,NBA,Saddiq Bey
2020-21,NBA,Sam Merrill
2020-21,NBA,Sean McDermott
2020-21,NBA,Skylar Mays
2020-21,NBA,Théo Maledon
2020-21,NBA,Tre Jones
2020-21,NBA,Trent Forrest
2020-21,NBA,Ty-Shon Alexander
2020-21,NBA,Tyler Bey
2020-21,NBA,Tyrell Terry
2020-21,NBA,Tyrese Haliburton
2020-21,NBA,Tyrese Maxey
2020-21,NBA,Udoka Azubuike
2020-21,NBA,Vernon Carey Jr.
2020-21,NBA,Will Magnay
2020-21,NBA,Xavier Tillman Sr.
2020-21,NBA,Zeke Nnaji
2021-22,NBA,Aaron Henry
2021-22,NBA,Aaron Wiggins
2021-22,NBA,Ade Murkey
2021-22,NBA,Ahmad Caver
2021-22,NBA,Aleem Ford
2021-22,NBA,Alperen Şengün
2021-22,NBA,Arnoldas Kulboka
2021-22,NBA,Austin Reaves
2021-22,NBA,Ayo Dosunmu
2021-22,NBA,Bones Hyland
2021-22,NBA,Brandon Boston Jr.
2021-22,NBA,Brandon Williams
2021-22,NBA,Braxton Key
2021-22,NBA,Cade Cunningham
2021-22,NBA,Cam Thomas
2021-22,NBA,Cameron McGriff
2021-22,NBA,Carlik Jones
2021-22,NBA,Cat Barber
2021-22,NBA,Charles Bassey
2021-22,NBA,Chaundee Brown Jr.
2021-22,NBA,Chris Duarte
2021-22,NBA,Corey Kispert
2021-22,NBA,Craig Sword
2021-22,NBA,Daishen Nix
2021-22,NBA,Dalano Banton
2021-22,NBA,David Duke Jr.
2021-22,NBA,David Johnson
2021-22,NBA,Davion Mitchell
2021-22,NBA,Day'Ron Sharpe
2021-22,NBA,DeJon Jarreau
2021-22,NBA,Duane Washington Jr.
2021-22,NBA,Eugene Omoruyi
2021-22,NBA,Evan Mobley
2021-22,NBA,Feron Hunt
2021-22,NBA,Franz Wagner
2021-22,NBA,Gabe York
2021-22,NBA,Gabriel Lundberg
2021-22,NBA,Georgios Kalaitzakis
2021-22,NBA,Greg Brown III
2021-22,NBA,Hassani Gravett
2021-22,NBA,Herbert Jones
2021-22,NBA,Isaiah Jackson
2021-22,NBA,Isaiah Livers
2021-22,NBA,Isaiah Todd
2021-22,NBA,Ish Wainright
2021-22,NBA,Jaden Springer
2021-22,NBA,Jaime Echenique
2021-22,NBA,Jalen Green
2021-22,NBA,Jalen Johnson
2021-22,NBA,Jalen Suggs
2021-22,NBA,James Bouknight
2021-22,NBA,Jamorko Pickett
2021-22,NBA,JaQuori McLaughlin
2021-22,NBA,Jared Butler
2021-22,NBA,Jarron Cumberland
2021-22,NBA,Javin DeLaurier
2021-22,NBA,Javonte Smart
2021-22,NBA,Jay Huff
2021-22,NBA,Jaysean Paige
2021-22,NBA,Jeff Dowtin Jr.
2021-22,NBA,Jeremiah Robinson-Earl
2021-22,NBA,Jericho Sims
2021-22,NBA,Jock Landale
2021-22,NBA,Joe Wieskamp
2021-22,NBA,Joel Ayayi
2021-22,NBA,Jon Teske
2021-22,NBA,Jonathan Kuminga
2021-22,NBA,Jordan Goodwin
2021-22,NBA,Jordan Schakel
2021-22,NBA,Jose Alvarado
2021-22,NBA,Josh Christopher
2021-22,NBA,Josh Giddey
2021-22,NBA,Joshua Primo
2021-22,NBA,JT Thor
2021-22,NBA,Justin Champagnie
2021-22,NBA,Kai Jones
2021-22,NBA,Keifer Sykes
2021-22,NBA,Keon Johnson
2021-22,NBA,Kessler Edwards
2021-22,NBA,Kevin Pangos
2021-22,NBA,Leandro Bolmaro
2021-22,NBA,Lindell Wigginton
2021-22,NBA,Lindy Waters III
2021-22,NBA,Luka Garza
2021-22,NBA,M.J. Walker
2021-22,NBA,Mac McClung
2021-22,NBA,Malcolm Hill
2021-22,NBA,Marcus Garrett
2021-22,NBA,Marko Simonovic
2021-22,NBA,Matt Ryan
2021-22,NBA,McKinley Wright IV
2021-22,NBA,Micah Potter
2021-22,NBA,Miles McBride
2021-22,NBA,Moses Moody
2021-22,NBA,Moses Wright
2021-22,NBA,Myles Powell
2021-22,NBA,Neemias Queta
2021-22,NBA,Olivier Sarr
2021-22,NBA,Omer Yurtseven
2021-22,NBA,Paris Bass
2021-22,NBA,Petr Cornelie
2021-22,NBA,Quentin Grimes
2021-22,NBA,RJ Nembhard Jr.
2021-22,NBA,Rob Edwards
2021-22,NBA,Sam Hauser
2021-22,NBA,Sandro Mamukelashvili
2021-22,NBA,Santi Aldama
2021-22,NBA,Scottie Barnes
2021-22,NBA,Scottie Lewis
2021-22,NBA,Shaq Buchanan
2021-22,NBA,Sharife Cooper
2021-22,NBA,Terry Taylor
2021-22,NBA,Trayvon Palmer
2021-22,NBA,Tre Mann
2021-22,NBA,Tre Scott
2021-22,NBA,Trendon Watford
2021-22,NBA,Trevelin Queen
2021-22,NBA,Trey Murphy III
2021-22,NBA,Tyler Hall
2021-22,NBA,Usman Garuba
2021-22,NBA,Vít Krejčí
2021-22,NBA,Xavier Moon
2021-22,NBA,Xavier Sneed
2021-22,NBA,Yves Pons
2021-22,NBA,Zavier Simpson
2021-22,NBA,Ziaire Williams
2022-23,NBA,A.J. Green
2022-23,NBA,A.J. Lawson
2022-23,NBA,AJ Griffin
2022-23,NBA,Alondes Williams
2022-23,NBA,Andrew Nembhard
2022-23,NBA,Bennedict Mathurin
2022-23,NBA,Blake Wesley
2022-23,NBA,Bryce McGowens
2022-23,NBA,Buddy Boeheim
2022-23,NBA,Caleb Houstan
2022-23,NBA,Chance Comanche
2022-23,NBA,Chima Moneke
2022-23,NBA,Christian Braun
2022-23,NBA,Christian Koloko
2022-23,NBA,Cole Swider
2022-23,NBA,Dalen Terry
2022-23,NBA,Darius Days
2022-23,NBA,David Roddy
2022-23,NBA,Dereon Seabron
2022-23,NBA,Dominick Barlow
2022-23,NBA,Donovan Williams
2022-23,NBA,Dru Smith
2022-23,NBA,Dyson Daniels
2022-23,NBA,Isaiah Mobley
2022-23,NBA,Jabari Smith Jr.
2022-23,NBA,Jabari Walker
2022-23,NBA,Jack White
2022-23,NBA,Jacob Gilyard
2022-23,NBA,Jaden Hardy
2022-23,NBA,Jaden Ivey
2022-23,NBA,Jake LaRavia
2022-23,NBA,Jalen Duren
2022-23,NBA,Jalen Williams
2022-23,NBA,Jamal Cain
2022-23,NBA,Jamaree Bouyea
2022-23,NBA,Jared Rhoden
2022-23,NBA,Jason Preston
2022-23,NBA,Jaylin Williams
2022-23,NBA,JD Davison
2022-23,NBA,Jeremy Sochan
2022-23,NBA,John Butler
2022-23,NBA,Johnny Davis
2022-23,NBA,Johnny Juzang
2022-23,NBA,Jordan Hall
2022-23,NBA,Josh Minott
2022-23,NBA,Julian Champagnie
2022-23,NBA,Justin Minaya
2022-23,NBA,Keegan Murray
2022-23,NBA,Kendall Brown
2022-23,NBA,Kennedy Chandler
2022-23,NBA,Kenneth Lofton Jr.
2022-23,NBA,Keon Ellis
2022-23,NBA,Kevon Harris
2022-23,NBA,Lester Quiñones
2022-23,NBA,Malaki Branham
2022-23,NBA,MarJon Beauchamp
2022-23,NBA,Mark Williams
2022-23,NBA,Max Christie
2022-23,NBA,Michael Foster Jr.
2022-23,NBA,Moussa Diabaté
2022-23,NBA,Nate Williams
2022-23,NBA,Nikola Jović
2022-23,NBA,Ochai Agbaji
2022-23,NBA,Orlando Robinson
2022-23,NBA,Ousmane Dieng
2022-23,NBA,Paolo Banchero
2022-23,NBA,Patrick Baldwin Jr.
2022-23,NBA,Peyton Watson
2022-23,NBA,Quenton Jackson
2022-23,NBA,RaiQuan Gray
2022-23,NBA,Ron Harper Jr.
2022-23,NBA,Ryan Rollins
2022-23,NBA,Scotty Pippen Jr.
2022-23,NBA,Shaedon Sharpe
2022-23,NBA,Simone Fontecchio
2022-23,NBA,Stanley Umude
2022-23,NBA,Tari Eason
2022-23,NBA,Trevor Hudgins
2022-23,NBA,Trevor Keels
2022-23,NBA,Tyrese Martin
2022-23,NBA,TyTy Washington Jr.
2022-23,NBA,Vince Williams Jr.
2022-23,NBA,Walker Kessler
2022-23,NBA,Wendell Moore Jr.
2022-23,NBA,Xavier Cooks
2023-24,NBA,Adam Flagler
2023-24,NBA,Adama Sanogo
2023-24,NBA,Alex Fudge
2023-24,NBA,Amari Bailey
2023-24,NBA,Amen Thompson
2023-24,NBA,Andre Jackson Jr.
2023-24,NBA,Andrew Funk
2023-24,NBA,Anthony Black
2023-24,NBA,Ausar Thompson
2023-24,NBA,Ben Sheppard
2023-24,NBA,Bilal Coulibaly
2023-24,NBA,Brandin Podziemski
2023-24,NBA,Brandon Miller
2023-24,NBA,Brice Sensabaugh
2023-24,NBA,Cam Whitmore
2023-24,NBA,Cason Wallace
2023-24,NBA,Chet Holmgren
2023-24,NBA,Chris Livingston
2023-24,NBA,Colby Jones
2023-24,NBA,Colin Castleton
2023-24,NBA,Collin Gillespie
2023-24,NBA,Craig Porter Jr.
2023-24,NBA,D'Moi Hodge
2023-24,NBA,D.J. Carton
2023-24,NBA,Dariq Whitehead
2023-24,NBA,Dereck Lively II
2023-24,NBA,Dexter Dennis
2023-24,NBA,Dmytro Skapintsev
2023-24,NBA,Drew Peterson
2023-24,NBA,Duop Reath
2023-24,NBA,E.J. Liddell
2023-24,NBA,Emoni Bates
2023-24,NBA,Filip Petrušev
2023-24,NBA,GG Jackson II
2023-24,NBA,Gradey Dick
2023-24,NBA,Gui Santos
2023-24,NBA,Henri Drell
2023-24,NBA,Hunter Tyson
2023-24,NBA,Ibou Badji
2023-24,NBA,Isaiah Wong
2023-24,NBA,Izaiah Brockington
2023-24,NBA,Jacob Toppin
2023-24,NBA,Jaime Jaquez Jr.
2023-24,NBA,Jalen Crutcher
2023-24,NBA,Jalen Hood-Schifino
2023-24,NBA,Jalen Pickett
2023-24,NBA,Jalen Slawson
2023-24,NBA,Jalen Wilson
2023-24,NBA,Jarace Walker
2023-24,NBA,Javon Freeman-Liberty
2023-24,NBA,Jermaine Samuels
2023-24,NBA,Jett Howard
2023-24,NBA,Jordan Ford
2023-24,NBA,Jordan Hawkins
2023-24,NBA,Jordan Miller
2023-24,NBA,Jordan Walsh
2023-24,NBA,Jules Bernard
2023-24,NBA,Julian Phillips
2023-24,NBA,Julian Strawther
2023-24,NBA,Kaiser Gates
2023-24,NBA,Keyontae Johnson
2023-24,NBA,Keyonte George
2023-24,NBA,Kobe Brown
2023-24,NBA,Kobe Bufkin
2023-24,NBA,Kris Murray
2023-24,NBA,Leaky Black
2023-24,NBA,Leonard Miller
2023-24,NBA,Malcolm Cazalon
2023-24,NBA,Malik Williams
2023-24,NBA,Marcus Sasser
2023-24,NBA,Markquis Nowell
2023-24,NBA,Matthew Hurt
2023-24,NBA,Maxwell Lewis
2023-24,NBA,Mouhamadou Gueye
2023-24,NBA,Mouhamed Gueye
2023-24,NBA,Mãozinha Pereira
2023-24,NBA,Nathan Mensah
2023-24,NBA,Nick Smith Jr.
2023-24,NBA,Noah Clowney
2023-24,NBA,Olivier-Maxence Prosper
2023-24,NBA,Onuralp Bitim
2023-24,NBA,Oscar Tshiebwe
2023-24,NBA,Pat Spencer
2023-24,NBA,Pete Nance
2023-24,NBA,Rayan Rupert
2023-24,NBA,Ricky Council IV
2023-24,NBA,Sasha Vezenkov
2023-24,NBA,Scoot Henderson
2023-24,NBA,Seth Lundy
2023-24,NBA,Sidy Cissoko
2023-24,NBA,Taylor Hendricks
2023-24,NBA,Taze Moore
2023-24,NBA,Terquavion Smith
2023-24,NBA,Timmy Allen
2023-24,NBA,Tosan Evbuomwan
2023-24,NBA,Toumani Camara
2023-24,NBA,Trayce Jackson-Davis
2023-24,NBA,Trey Jemison
2023-24,NBA,Tristan Vukcevic
2023-24,NBA,Vasilije Micić
2023-24,NBA,Victor Wembanyama
2024-25,NBA,Adem Bona
2024-25,NBA,AJ Johnson
2024-25,NBA,Ajay Mitchell
2024-25,NBA,Alex Ducas
2024-25,NBA,Alex Reese
2024-25,NBA,Alex Sarr
2024-25,NBA,Anton Watson
2024-25,NBA,Antonio Reeves
2024-25,NBA,Ariel Hukporti
2024-25,NBA,Armel Traoré
2024-25,NBA,Baylor Scheierman
2024-25,NBA,Bobi Klintman
2024-25,NBA,Branden Carlson
2024-25,NBA,Bronny James
2024-25,NBA,Bub Carrington
2024-25,NBA,Cam Christie
2024-25,NBA,Cam Spencer
2024-25,NBA,Cody Williams
2024-25,NBA,Cui Yongxi
2024-25,NBA,Daeqwon Plowden
2024-25,NBA,Dalton Knecht
2024-25,NBA,Damion Baugh
2024-25,NBA,Daniss Jenkins
2024-25,NBA,Devin Carter
2024-25,NBA,Dillon Jones
2024-25,NBA,Donovan Clingan
2024-25,NBA,Drew Timme
2024-25,NBA,Elijah Harkless
2024-25,NBA,Emanuel Miller
2024-25,NBA,Enrique Freeman
2024-25,NBA,Harrison Ingram
2024-25,NBA,Isaac Jones
2024-25,NBA,Isaiah Collier
2024-25,NBA,Isaiah Crawford
2024-25,NBA,Isaiah Stevens
2024-25,NBA,Ja'Kobe Walter
2024-25,NBA,Jack McVeigh
2024-25,NBA,Jackson Rowe
2024-25,NBA,Jahmir Young
2024-25,NBA,Jalen Bridges
2024-25,NBA,Jamal Shead
2024-25,NBA,Jamison Battle
2024-25,NBA,Jared McCain
2024-25,NBA,Jaylen Clark
2024-25,NBA,Jaylen Martin
2024-25,NBA,Jaylen Sims
2024-25,NBA,Jaylen Wells
2024-25,NBA,Jaylon Tyson
2024-25,NBA,Jazian Gortman
2024-25,NBA,Jesse Edwards
2024-25,NBA,Johnny Furphy
2024-25,NBA,Jonathan Mogbo
2024-25,NBA,Justin Edwards
2024-25,NBA,Karlo Matković
2024-25,NBA,Keaton Wallace
2024-25,NBA,Keion Brooks Jr.
2024-25,NBA,Kel'el Ware
2024-25,NBA,Keshad Johnson
2024-25,NBA,Kevin McCullar Jr.
2024-25,NBA,KJ Simpson
2024-25,NBA,Kyle Filipowski
2024-25,NBA,Kylor Kelley
2024-25,NBA,Kyshawn George
2024-25,NBA,Liam Robbins
2024-25,NBA,Luke Travers
2024-25,NBA,Malevy Leons
2024-25,NBA,Marcus Bagley
2024-25,NBA,Matas Buzelis
2024-25,NBA,Miles Norris
2024-25,NBA,N'Faly Dante
2024-25,NBA,Nae'Qwan Tomlin
2024-25,NBA,Oso Ighodaro
2024-25,NBA,Pacôme Dadiet
2024-25,NBA,Pelle Larsson
2024-25,NBA,Phillip Wheeler
2024-25,NBA,PJ Hall
2024-25,NBA,Quincy Olivari
2024-25,NBA,Quinten Post
2024-25,NBA,RayJ Dennis
2024-25,NBA,Reece Beekman
2024-25,NBA,Reed Sheppard
2024-25,NBA,Riley Minix
2024-25,NBA,Rob Dillingham
2024-25,NBA,Ron Holland
2024-25,NBA,Ryan Dunn
2024-25,NBA,Spencer Jones
2024-25,NBA,Stephon Castle
2024-25,NBA,Terrence Shannon Jr.
2024-25,NBA,Tidjane Salaün
2024-25,NBA,Tolu Smith
2024-25,NBA,Trentyn Flowers
2024-25,NBA,Trey Alexander
2024-25,NBA,Tristan Da Silva
2024-25,NBA,Tristen Newton
2024-25,NBA,Tyler Kolek
2024-25,NBA,Tyler Smith
2024-25,NBA,Tyson Etienne
2024-25,NBA,Ulrich Chomche
2024-25,NBA,Yuki Kawamura
2024-25,NBA,Yuri Collins
2024-25,NBA,Yves Missi
2024-25,NBA,Zaccharie Risacher
2024-25,NBA,Zach Edey
2024-25,NBA,Zyon Pullin
2025-26,NBA,Ace Bailey
2025-26,NBA,Adama-Alpha Bal
2025-26,NBA,Adou Thiero
2025-26,NBA,Alex Antetokounmpo
2025-26,NBA,Alex Morales
2025-26,NBA,Alijah Martin
2025-26,NBA,Amari Williams
2025-26,NBA,Andersson Garcia
2025-26,NBA,Asa Newell
2025-26,NBA,Ben Saraf
2025-26,NBA,Bez Mbeng
2025-26,NBA,Blake Hinson
2025-26,NBA,Brooks Barnhizer
2025-26,NBA,Caleb Love
2025-26,NBA,Carter Bryant
2025-26,NBA,Cedric Coward
2025-26,NBA,Chaney Johnson
2025-26,NBA,Chaz Lanier
2025-26,NBA,Chris Mañon
2025-26,NBA,Chris Youngblood
2025-26,NBA,Chucky Hepburn
2025-26,NBA,CJ Huntley
2025-26,NBA,Collin Murray-Boyles
2025-26,NBA,Cooper Flagg
2025-26,NBA,Cormac Ryan
2025-26,NBA,Curtis Jones
2025-26,NBA,Danny Wolf
2025-26,NBA,Darius Brown II
2025-26,NBA,DaRon Holmes
2025-26,NBA,David Jones García
2025-26,NBA,Derik Queen
2025-26,NBA,Drake Powell
2025-26,NBA,Dylan Cardwell
2025-26,NBA,Dylan Harper
2025-26,NBA,Egor Dёmin
2025-26,NBA,Ethan Thompson
2025-26,NBA,Grant Nelson
2025-26,NBA,Hayden Gray
2025-26,NBA,Hugo González
2025-26,NBA,Hunter Dickinson
2025-26,NBA,Hunter Sallis
2025-26,NBA,Jahmai Mashack
2025-26,NBA,Jahmyl Telfort
2025-26,NBA,Jamir Watkins
2025-26,NBA,Jase Richardson
2025-26,NBA,Javon Small
2025-26,NBA,Javonte Cooke
2025-26,NBA,Jayson Kent
2025-26,NBA,Jeremiah Fears
2025-26,NBA,Joan Beringer
2025-26,NBA,John Poulakidas
2025-26,NBA,John Tonje
2025-26,NBA,Johni Broome
2025-26,NBA,Josh Oduro
2025-26,NBA,Julian Reese
2025-26,NBA,Kadary Richmond
2025-26,NBA,Kam Jones
2025-26,NBA,Kasparas Jakučionis
2025-26,NBA,Keshon Gilbert
2025-26,NBA,Khaman Maluach
2025-26,NBA,Kobe Sanders
2025-26,NBA,Koby Brea
2025-26,NBA,Kon Knueppel
2025-26,NBA,Lachlan Olbrich
2025-26,NBA,Lawson Lovering
2025-26,NBA,Liam McNeeley
2025-26,NBA,LJ Cryer
2025-26,NBA,Lucas Williamson
2025-26,NBA,Malachi Smith
2025-26,NBA,Mark Sears
2025-26,NBA,Max Shulga
2025-26,NBA,Maxime Raynaud
2025-26,NBA,Micah Peavy
2025-26,NBA,Miles Kelly
2025-26,NBA,Mohamed Diawara
2025-26,NBA,Moussa Cisse
2025-26,NBA,Myron Gardner
2025-26,NBA,Nikola Topić
2025-26,NBA,Nique Clifford
2025-26,NBA,Noa Essengue
2025-26,NBA,Noah Penda
2025-26,NBA,Nolan Traoré
2025-26,NBA,Norchad Omier
2025-26,NBA,Payton Sandfort
2025-26,NBA,Rasheer Fleming
2025-26,NBA,Rocco Zikarsky
2025-26,NBA,Ryan Kalkbrenner
2025-26,NBA,Ryan Nembhard
2025-26,NBA,Sean Pedulla
2025-26,NBA,Sion James
2025-26,NBA,Taelon Peter
2025-26,NBA,Toby Okani
2025-26,NBA,Tre Johnson
2025-26,NBA,Tristan Enaruna
2025-26,NBA,Tyler Burton
2025-26,NBA,Tyrese Proctor
2025-26,NBA,VJ Edgecombe
2025-26,NBA,Vladislav Goldin
2025-26,NBA,Walter Clayton
2025-26,NBA,Will Richard
2025-26,NBA,Will Riley
2025-26,NBA,Yang Hansen
2025-26,NBA,Yanic Konan Niederhäuser
2020,WNBA,Alisia Jenkins
2020,WNBA,Beatrice Mompremier
2020,WNBA,Bella Alarie
2020,WNBA,Brittany Brewer
2020,WNBA,Chennedy Carter
2020,WNBA,Crystal Dangerfield
2020,WNBA,Ezi Magbegor
2020,WNBA,Jaylyn Agnew
2020,WNBA,Jazmine Jones
2020,WNBA,Jocelyn Willoughby
2020,WNBA,Joyner Holmes
2020,WNBA,Julie Allemand
2020,WNBA,Kaila Charles
2020,WNBA,Kamiah Smalls
2020,WNBA,Kathleen Doyle
2020,WNBA,Kiara Leslie
2020,WNBA,Kylee Shook
2020,WNBA,Lauren Cox
2020,WNBA,Leaonna Odom
2020,WNBA,Megan Huff
2020,WNBA,Megan Walker
2020,WNBA,Mikiah Herbert Harrigan
2020,WNBA,Ruthy Hebard
2020,WNBA,Sabrina Ionescu
2020,WNBA,Satou Sabally
2020,WNBA,Stella Johnson
2020,WNBA,Sug Sutton
2020,WNBA,Te'a Cooper
2020,WNBA,Tyasha Harris
2021,WNBA,Aaliyah Wilson
2021,WNBA,Aari McDonald
2021,WNBA,Aleah Goodman
2021,WNBA,Arella Guirantes
2021,WNBA,Awak Kuier
2021,WNBA,Bernadett Hatar
2021,WNBA,Charli Collier
2021,WNBA,Chelsea Dungee
2021,WNBA,Chelsey Perry
2021,WNBA,Dana Evans
2021,WNBA,Destiny Slocum
2021,WNBA,DiDi Richards
2021,WNBA,DiJonai Carrington
2021,WNBA,Haley Gorecki
2021,WNBA,Jasmine Walker
2021,WNBA,Kiana Williams
2021,WNBA,Kysre Gondrezick
2021,WNBA,Michaela Onyenwere
2021,WNBA,Natasha Mack
2021,WNBA,Shyla Heal
2021,WNBA,Stephanie Jones
2021,WNBA,Stephanie Watts
2022,WNBA,Aisha Sheppard
2022,WNBA,Amy Atwell
2022,WNBA,Anneli Maley
2022,WNBA,Destanni Henderson
2022,WNBA,Elissa Cunane
2022,WNBA,Emily Engstler
2022,WNBA,Evina Westbrook
2022,WNBA,Hannah Sjerven
2022,WNBA,Iliana Rupert
2022,WNBA,Jasmine Dickey
2022,WNBA,Katie Benzan
2022,WNBA,Khayla Pointer
2022,WNBA,Kianna Smith
2022,WNBA,Kierstan Bell
2022,WNBA,Kristy Wallace
2022,WNBA,Lexie Hull
2022,WNBA,Li Yueru
2022,WNBA,Lorela Cubaj
2022,WNBA,Maya Caldwell
2022,WNBA,NaLyssa Smith
2022,WNBA,Naz Hillmon
2022,WNBA,Nia Clouden
2022,WNBA,Nikolina Milic
2022,WNBA,Olivia Nelson-Ododa
2022,WNBA,Queen Egbo
2022,WNBA,Rae Burrell
2022,WNBA,Raina Perez
2022,WNBA,Rebekah Gardner
2022,WNBA,Rennia Davis
2022,WNBA,Rhyne Howard
2022,WNBA,Rui Machida
2022,WNBA,Sam Thomas
2022,WNBA,Shakira Austin
2022,WNBA,Sparkle Taylor
2022,WNBA,Tina Krajisnik
2022,WNBA,Veronica Burton
2022,WNBA,Yvonne Anderson
2023,WNBA,Abby Meyers
2023,WNBA,Aliyah Boston
2023,WNBA,Ashley Joens
2023,WNBA,Cyesha Goree
2023,WNBA,Diamond Miller
2023,WNBA,Dorka Juhász
2023,WNBA,Dulcy Fankam Mendjiadeu
2023,WNBA,Grace Berger
2023,WNBA,Haley Jones
2023,WNBA,Ivana Dojkić
2023,WNBA,Jade Melbourne
2023,WNBA,Jordan Horston
2023,WNBA,Kadi Sissoko
2023,WNBA,Kayana Traylor
2023,WNBA,Khaalia Hillsman
2023,WNBA,Laeticia Amihere
2023,WNBA,Leigha Brown
2023,WNBA,Li Meng
2023,WNBA,Liz Dixon
2023,WNBA,Maddy Siegrist
2023,WNBA,Madi Williams
2023,WNBA,Morgan Bertsch
2023,WNBA,Nyara Sabally
2023,WNBA,Robyn Parks
2023,WNBA,Sika Koné
2023,WNBA,Taylor Mikesell
2023,WNBA,Taylor Soule
2023,WNBA,Victaria Saxton
2023,WNBA,Zia Cooke
2024,WNBA,Aaliyah Edwards
2024,WNBA,Alissa Pili
2024,WNBA,Angel Reese
2024,WNBA,Caitlin Bickle
2024,WNBA,Caitlin Clark
2024,WNBA,Cameron Brink
2024,WNBA,Celeste Taylor
2024,WNBA,Charisma Osborne
2024,WNBA,Dyaisha Fair
2024,WNBA,Ezinne Kalu
2024,WNBA,Jacy Sheldon
2024,WNBA,Jaelyn Brown
2024,WNBA,Jakia Brown-Turner
2024,WNBA,Jaylyn Sherrod
2024,WNBA,Jessika Carter
2024,WNBA,Julie Vanloo
2024,WNBA,Kamilla Cardoso
2024,WNBA,Kate Martin
2024,WNBA,Leonie Fiebich
2024,WNBA,Lou Lopez Sénéchal
2024,WNBA,Marquesha Davis
2024,WNBA,Nika Mühl
2024,WNBA,Olivia Époupa
2024,WNBA,Rickea Jackson
2024,WNBA,Sevgi Uzun
2024,WNBA,Stephanie Soares
2025,WNBA,Aaliyah Nye
2025,WNBA,Ajae Petty
2025,WNBA,Amy Okonkwo
2025,WNBA,Anastasiia Kosu
2025,WNBA,Aneesah Morrow
2025,WNBA,Aziaha James
2025,WNBA,Bree Hall
2025,WNBA,Camryn Taylor
2025,WNBA,Carla Leite
2025,WNBA,Chloe Bibby
2025,WNBA,Christyn Williams
2025,WNBA,Dominique Malonga
2025,WNBA,Elizabeth Kitley
2025,WNBA,Hailey Van Lith
2025,WNBA,Janelle Salaün
2025,WNBA,JJ Quinerly
2025,WNBA,Kaitlyn Chen
2025,WNBA,Kariata Diaby
2025,WNBA,Kathryn Westbeld
2025,WNBA,Kiki Iriafen
2025,WNBA,Kitija Laksa
2025,WNBA,Kyara Linskens
2025,WNBA,Kyra Lambert
2025,WNBA,Lexi Held
2025,WNBA,Leïla Lacan
2025,WNBA,Liatu King
2025,WNBA,Lucy Olsen
2025,WNBA,Luisa Geiselsöder
2025,WNBA,Mackenzie Holmes
2025,WNBA,Maddy Westbeld
2025,WNBA,Madison Scott
2025,WNBA,Makayla Timpson
2025,WNBA,Mamignan Touré
2025,WNBA,Marième Badiane
2025,WNBA,Megan McConnell
2025,WNBA,Monique Akoa Makani
2025,WNBA,Murjanatu Musa
2025,WNBA,Paige Bueckers
2025,WNBA,Rayah Marshall
2025,WNBA,Sania Feagin
2025,WNBA,Saniya Rivers
2025,WNBA,Sarah Ashlee Barker
2025,WNBA,Serena Sundell
2025,WNBA,Sonia Citron
2025,WNBA,Taylor Thierry
2025,WNBA,Te-Hina PaoPao
2026,WNBA,Aicha Coulibaly
2026,WNBA,Alex Fowler
2026,WNBA,Alicia Flórez
2026,WNBA,Ally Wilson
2026,WNBA,Angela Dugalić
2026,WNBA,Antonia Delaere
2026,WNBA,Ashlon Jackson
2026,WNBA,Ashten Prechtel
2026,WNBA,Aubrey Griffin
2026,WNBA,Awa Fam
2026,WNBA,Azzi Fudd
2026,WNBA,Cassandre Prosper
2026,WNBA,Chance Gray
2026,WNBA,Charlisse Leger-Walker
2026,WNBA,Costanza Verona
2026,WNBA,Cotie McMahon
2026,WNBA,Eliška Hamzová
2026,WNBA,Emese Hof
2026,WNBA,Emma Čechová
2026,WNBA,Flau'jae Johnson
2026,WNBA,Frieda Bühner
2026,WNBA,Gabriela Jaquez
2026,WNBA,Georgia Amoore
2026,WNBA,Gianna Kneepkens
2026,WNBA,Grace VanSlooten
2026,WNBA,Holly Winterburn
2026,WNBA,Indya Nivar
2026,WNBA,Isobel Borlase
2026,WNBA,Jihyun Park
2026,WNBA,Jordan Harrison
2026,WNBA,Jovana Nogić
2026,WNBA,Justė Jocytė
2026,WNBA,Kiki Rice
2026,WNBA,Laura Juškaitė
2026,WNBA,Lauren Betts
2026,WNBA,Madina Okot
2026,WNBA,Maria Conde
2026,WNBA,Mariella Fasoula
2026,WNBA,Marine Fauthoux
2026,WNBA,Marta Suárez
2026,WNBA,Miela Sowah
2026,WNBA,Ndjakalenga Mwenentanda
2026,WNBA,Nell Angloma
2026,WNBA,Noémie Brochant
2026,WNBA,Nyadiew Puoch
2026,WNBA,Olivia Miles
2026,WNBA,Pauline Astier
2026,WNBA,Peyton Williams
2026,WNBA,Raegan Beers
2026,WNBA,Raquel Carrera Quintana
2026,WNBA,Raven Johnson
2026,WNBA,Rori Harmon
2026,WNBA,Saylor Poffenbarger
2026,WNBA,Serah Williams
2026,WNBA,Sha Carter
2026,WNBA,Sydney Taylor
2026,WNBA,Ta'Niya Latson
2026,WNBA,Taina Mair
2026,WNBA,Teja Oblak
2026,WNBA,Teonni Key
2026,WNBA,Tima Pouye
